time_min,time_days,m_sodium_mEq,v_ecf_L,prc_pg_per_mL,agt_fmol_per_mL,angi_fmol_per_mL,angii_fmol_per_mL,ang17_fmol_per_mL,angiv_fmol_per_mL,at1_bound_fmol_per_mL,at2_bound_fmol_per_mL,n_aldo,n_adh,baro_integral_min,ra_integral_min,a_auto,a_baro,a_chemo,alpha_map,alpha_rap,at1_bound_pg_per_mL,autonomic_adh_stimulus,beta_rsna,c_adh_mU_per_L,c_aldo_ng_per_L,c_anp_hat,c_sodium_mEq_per_L,delta_ra,delta_rihp_mmHg,epsilon_aum,epsilon_aum_adh,eta_cd,eta_dt,eta_pt,gamma_at1_tubule,gamma_filtered_sodium,gamma_rihp_cd,gamma_rihp_dt,gamma_rihp_pt,gamma_rsna_tubule,gfr_L_per_min,gfr_mL_per_min,implied_p_gh_mmHg,lambda_aldo_cd,lambda_anp,lambda_dt,mu_adh,mu_aldo,n_adh_stimulus,n_aldo_stimulus,net_filtration_pressure_mmHg,p_b_cvp_mmHg,p_b_total_mmHg,p_gh_mmHg,p_gh_residual_mmHg,p_ma_mmHg,p_peritubular_mmHg,p_ra_mmHg,phi_cd_reab_mEq_per_min,phi_dt_reab_mEq_per_min,phi_dt_sodium_mEq_per_min,phi_filtered_sodium_mEq_per_min,phi_md_sodium_mEq_per_min,phi_pt_reab_mEq_per_min,phi_tubular_water_reab_L_per_min,phi_urine_L_per_min,phi_urine_sodium_mEq_per_min,phi_water_in_L_per_min,pra_fmol_per_mL_per_min,psi_aldo_dt,psi_at1_aa,psi_at1_ea,psi_at1_preglom,r_aa_equivalent_mmHg_min_per_L,r_aa_single_mmHg_min_per_L,r_ea_equivalent_mmHg_min_per_L,r_ea_single_mmHg_min_per_L,r_preglom_mmHg_min_per_L,r_renal_mmHg_min_per_L,raw_v_at1,raw_v_md,raw_v_rsna,renal_blood_flow_L_per_min,renin_secretion_pg_per_mL_per_min,rsna,sigma_myo,sigma_tgf,sngfr_nL_per_min,sodium_adh_stimulus,sodium_intake_mEq_per_min,v_at1,v_md,v_rsna,xi_at1,xi_k_sodium,xi_map
0.000000000000000000e+00,0.000000000000000000e+00,2.160000000000000000e+03,1.500000000000000000e+01,2.798828379324600135e+01,4.748301026345390128e+05,1.224056448165699962e+01,6.458821606363000178e+00,2.089440280323600163e+01,1.824796522373999919e+00,2.199073936750799874e+01,7.268125723159999829e+00,1.000000000000000000e+00,1.000000000000000000e+00,0.000000000000000000e+00,0.000000000000000000e+00,1.000000000000000000e+00,7.500000000000000000e-01,2.500000000000000000e-01,1.050000000000000044e+00,1.000000000000000000e+00,2.300627171149952233e+01,0.000000000000000000e+00,1.075000000000000178e+00,4.000000000000000000e+00,8.500000000000000000e+01,1.021838151365224157e+00,1.440000000000000000e+02,0.000000000000000000e+00,0.000000000000000000e+00,1.000000000000000000e+00,1.000000000000000000e+00,8.851439886075846974e-01,4.549953138782084072e-01,6.056155915450194271e-01,1.005547895256870605e+00,8.815349184285560247e-01,1.000000000000000000e+00,1.000000000000000000e+00,1.000000000000000000e+00,8.540135855238784046e-01,8.341725475626929343e-02,8.341725475626928699e+01,5.668082647296063925e+01,9.660438838411188334e-01,1.017716184863477480e+00,9.680715100162806674e-01,1.038674889394732848e+00,1.006123280684836585e+00,1.000000000000000000e+00,8.866105935543027172e-01,1.068082647327391754e+01,0.000000000000000000e+00,1.800000000000000000e+01,5.668082647327391754e+01,3.132782921966281720e-10,1.000000000000000000e+02,0.000000000000000000e+00,0.000000000000000000e+00,2.285347694322051648e+00,2.155485205374205737e+00,2.581893707392307835e+00,1.201208468490277781e+01,4.737378912766513572e+00,7.274705772136264237e+00,9.078120746768120197e-02,2.999999999999999737e-04,2.965460130702561869e-01,1.460575822931698027e-03,2.845475518980009966e+01,9.099906277564168144e-01,2.057303658594342721e+00,2.067924296161558484e+00,2.057303658594342721e+00,5.502395084504028233e+01,1.100479016900805682e+08,1.033962148080779286e+02,2.067924296161558628e+08,2.399816033477592114e+01,1.824183259878941499e+02,1.000000000736317451e+00,1.025541203976190729e+01,1.086616004830798232e+00,5.481905365507866446e-01,1.616666666666666696e+00,1.050000000000000044e+00,7.234022061061597952e-01,1.146420185494482435e+00,4.170862737813464349e+01,3.000000000000000000e+00,1.260000000000000009e-01,1.000000000000000000e+00,1.000000000000000000e+00,1.000000000000000000e+00,1.058977586391052217e+00,8.502758077226175715e-01,9.846600667382185978e-01
3.000000000000000000e+01,2.083333333333333218e-02,2.154614087151647709e+03,1.503022465423470777e+01,2.804848568027928124e+01,4.748293743967751507e+05,1.226640343587184923e+01,6.472109528969250292e+00,2.090422192084211517e+01,1.828427181013480229e+00,2.201076954005521813e+01,7.274745864933604977e+00,9.458049039096663169e-01,8.248390539129986099e-01,0.000000000000000000e+00,0.000000000000000000e+00,1.000000000000000000e+00,7.500000000000000000e-01,2.500000000000000000e-01,1.050000000000000044e+00,1.000000000000000000e+00,2.302722687741497154e+01,0.000000000000000000e+00,1.075000000000000178e+00,3.299356215651994439e+00,8.039341683232163405e+01,1.021838151365224157e+00,1.433520879905539971e+02,0.000000000000000000e+00,0.000000000000000000e+00,1.000000000000000000e+00,1.000000000000000000e+00,8.811394440636780567e-01,4.474529670259284053e-01,6.056425138532355312e-01,1.005569129602321032e+00,8.815554906044308359e-01,1.000000000000000000e+00,1.000000000000000000e+00,1.000000000000000000e+00,8.540135855238784046e-01,8.346076190724513455e-02,8.346076190724512855e+01,5.668639717089644137e+01,9.628196585043141686e-01,1.017716184863477480e+00,9.669189328799381311e-01,1.001104071843504473e+00,1.003034944229432401e+00,7.840293301846656959e-01,9.333459298960974371e-01,1.068639717122216837e+01,0.000000000000000000e+00,1.800000000000000000e+01,5.668639717122216837e+01,3.257270009271451272e-10,1.000000000000000000e+02,0.000000000000000000e+00,0.000000000000000000e+00,2.297155272365914769e+00,2.111173130149284649e+00,2.607028079201394011e+00,1.196427448468608112e+01,4.718201209350678660e+00,7.246073275335402464e+00,9.077314733209398967e-02,2.999999999999999737e-04,3.098728068354792420e-01,1.080194485417102813e-03,2.851596044161727050e+01,8.949059340518568106e-01,2.058463510425533549e+00,2.068978778835671051e+00,2.058463510425533549e+00,5.501737186551022774e+01,1.100347437310204506e+08,1.034489389417835525e+02,2.068978778835670948e+08,2.402709873134530838e+01,1.824934095386390993e+02,9.991354649940600297e-01,1.030284817740297676e+01,1.086616004830798232e+00,5.479649936554400469e-01,1.622740384669053126e+00,1.050000000000000044e+00,7.238664309351807713e-01,1.144902521954004992e+00,4.173038095362256428e+01,2.352087990553997088e+00,1.260000000000000009e-01,9.991354642583791801e-01,1.004625473599417784e+00,1.000000000000000000e+00,1.059332047882498351e+00,8.947963451046696548e-01,9.846600667382185978e-01
6.000000000000000000e+01,4.166666666666666435e-02,2.149134982501187096e+03,1.504498274751612819e+01,2.811085676508350417e+01,4.748265707279864000e+05,1.229388072974213664e+01,6.486747362552568674e+00,2.093523042510473431e+01,1.832611639699193162e+00,2.205939859439563477e+01,7.290818179503658847e+00,9.522905632260307840e-01,6.457918971973547473e-01,0.000000000000000000e+00,0.000000000000000000e+00,1.000000000000000000e+00,7.500000000000000000e-01,2.500000000000000000e-01,1.050000000000000044e+00,1.000000000000000000e+00,2.307810162148483002e+01,0.000000000000000000e+00,1.075000000000000178e+00,2.583167588789418989e+00,8.094469787421262197e+01,1.021838151365224157e+00,1.428472879343116233e+02,0.000000000000000000e+00,0.000000000000000000e+00,1.000000000000000000e+00,1.000000000000000000e+00,8.820359218317215255e-01,4.483712608778427366e-01,6.056846622727763974e-01,1.005620606457815258e+00,8.815717113992816989e-01,1.000000000000000000e+00,1.000000000000000000e+00,1.000000000000000000e+00,8.540135855238784046e-01,8.349183588282863000e-02,8.349183588282862445e+01,5.669037591295786171e+01,9.632145274732903939e-01,1.017716184863477480e+00,9.675058924580063335e-01,9.428420700093307349e-01,1.003417988574903497e+00,6.157626447705411010e-01,9.706060951549935201e-01,1.069037591329431791e+01,0.000000000000000000e+00,1.800000000000000000e+01,5.669037591329431791e+01,3.364561962371226400e-10,1.000000000000000000e+02,0.000000000000000000e+00,0.000000000000000000e+00,2.288193972121320474e+00,2.108615760773598691e+00,2.594218574873270899e+00,1.192658232051871181e+01,4.702834335646869590e+00,7.223747984871842220e+00,9.073075752209544542e-02,2.999999999999999737e-04,3.060246027519504253e-01,4.903059032973179285e-04,2.857937104450156340e+01,8.967425217556854733e-01,2.061279331907376999e+00,2.071538790605976121e+00,2.061279331907376999e+00,5.505846439205981113e+01,1.101169287841196209e+08,1.035769395302988016e+02,2.071538790605975986e+08,2.407098646977840062e+01,1.827063903921369956e+02,9.970429234515237882e-01,1.034060951144852858e+01,1.086616004830798232e+00,5.473262308196945591e-01,1.625276901812125807e+00,1.050000000000000044e+00,7.241979927745264556e-01,1.143668633215070063e+00,4.174591794141431222e+01,1.847287934311623303e+00,1.260000000000000009e-01,9.970429227173837061e-01,1.008307562032251470e+00,1.000000000000000000e+00,1.060191756914237837e+00,9.297630135220131820e-01,9.846600667382185978e-01
9.000000000000000000e+01,6.250000000000000000e-02,2.143844701118366629e+03,1.504177721162583303e+01,2.814445352471855344e+01,4.748224542426146800e+05,1.230871659943050389e+01,6.494676915360883207e+00,2.096794367072369880e+01,1.834888443012532955e+00,2.209647516066050699e+01,7.303072298862374190e+00,9.733723126342732623e-01,5.265575453684790963e-01,0.000000000000000000e+00,0.000000000000000000e+00,1.000000000000000000e+00,7.500000000000000000e-01,2.500000000000000000e-01,1.050000000000000044e+00,1.000000000000000000e+00,2.311689038357981119e+01,0.000000000000000000e+00,1.075000000000000178e+00,2.106230181473916385e+00,8.273664657391323374e+01,1.021838151365224157e+00,1.425260240832035947e+02,0.000000000000000000e+00,0.000000000000000000e+00,1.000000000000000000e+00,1.000000000000000000e+00,8.840044533841791008e-01,4.513262777559507999e-01,6.057153715680300143e-01,1.005659782453041773e+00,8.815820648395139569e-01,1.000000000000000000e+00,1.000000000000000000e+00,1.000000000000000000e+00,8.540135855238784046e-01,8.351125084101666818e-02,8.351125084101666118e+01,5.669286182309013356e+01,9.644808179100484713e-01,1.017716184863477480e+00,9.683920791498645819e-01,8.859705165195604915e-01,1.004637252229428013e+00,5.086746944011982796e-01,9.945854921408155969e-01,1.069286182343363123e+01,0.000000000000000000e+00,1.800000000000000000e+01,5.669286182343363123e+01,3.434976747485052329e-10,1.000000000000000000e+02,0.000000000000000000e+00,0.000000000000000000e+00,2.276237734758676634e+00,2.118066665228376166e+00,2.574916592382196612e+00,1.190252654858519854e+01,4.692983257610572778e+00,7.209543290974625762e+00,9.067315529481777270e-02,2.999999999999999737e-04,2.986788576235199777e-01,-8.552503683735817458e-05,2.861352775013052963e+01,9.026525555119015998e-01,2.063426164623774817e+00,2.073490588906398369e+00,2.063426164623774817e+00,5.509303814923095644e+01,1.101860762984619141e+08,1.036745294453199193e+02,2.073490588906398416e+08,2.410294927728374503e+01,1.828705168718346386e+02,9.954535271608530023e-01,1.036469966187030245e+01,1.086616004830798232e+00,5.468350049564594251e-01,1.626466345299535377e+00,1.050000000000000044e+00,7.244051519528024174e-01,1.142869229724396973e+00,4.175562542050833059e+01,1.526024083203594728e+00,1.260000000000000009e-01,9.954535264278832063e-01,1.010656580319217790e+00,1.000000000000000000e+00,1.060846423954652007e+00,9.521454094867785045e-01,9.846600667382185978e-01
1.200000000000000000e+02,8.333333333333332871e-02,2.138758143163211571e+03,1.502365167477622521e+01,2.816061880448994970e+01,4.748177566587302135e+05,1.231586967775144359e+01,6.498510494962890682e+00,2.099308878966415648e+01,1.835992859323905879e+00,2.211745860132263530e+01,7.310007503826972730e+00,9.918680251540750170e-01,4.618344138049925718e-01,0.000000000000000000e+00,0.000000000000000000e+00,1.000000000000000000e+00,7.500000000000000000e-01,2.500000000000000000e-01,1.050000000000000044e+00,1.000000000000000000e+00,2.313884283953171561e+01,0.000000000000000000e+00,1.075000000000000178e+00,1.847337655219970287e+00,8.430878213809637600e+01,1.021838151365224157e+00,1.423594069845251511e+02,0.000000000000000000e+00,0.000000000000000000e+00,1.000000000000000000e+00,1.000000000000000000e+00,8.856254811667642057e-01,4.538821368240790743e-01,6.057324042449130364e-01,1.005681926592528974e+00,8.815874427429960525e-01,1.000000000000000000e+00,1.000000000000000000e+00,1.000000000000000000e+00,8.540135855238784046e-01,8.352122440203878229e-02,8.352122440203878284e+01,5.669413884754506938e+01,9.655707221211771163e-01,1.017716184863477480e+00,9.690727579745833653e-01,8.462981690097175491e-01,1.005675640222333911e+00,4.531356615083836914e-01,1.007103967236430808e+00,1.069413884789229030e+01,0.000000000000000000e+00,1.800000000000000000e+01,5.669413884789229030e+01,3.472209186838881578e-10,1.000000000000000000e+02,0.000000000000000000e+00,0.000000000000000000e+00,2.267308378803558622e+00,2.127733336255616781e+00,2.560120984568444502e+00,1.189003197649569188e+01,4.687854320824061283e+00,7.202177655671630596e+00,9.062453665691376503e-02,2.999999999999999737e-04,2.928126057648858804e-01,-4.872215764872324384e-04,2.862996245123144945e+01,9.077642736481581487e-01,2.064641142183511135e+00,2.074595188579695826e+00,2.064641142183511135e+00,5.511337137089510918e+01,1.102267427417902201e+08,1.037297594289847922e+02,2.074595188579695821e+08,2.412068439788181351e+01,1.829638151977617042e+02,9.945563124678221678e-01,1.037720576744275647e+01,1.086616004830798232e+00,5.465561586148174333e-01,1.626961125590414170e+00,1.050000000000000044e+00,7.245115706576906733e-01,1.142450406086631620e+00,4.176061220101939142e+01,1.359406984525151074e+00,1.260000000000000009e-01,9.945563117355129545e-01,1.011876044298233523e+00,1.000000000000000000e+00,1.061216623419180660e+00,9.637933759182129023e-01,9.846600667382185978e-01
1.500000000000000000e+02,1.041666666666666713e-01,2.133812640182435644e+03,1.499652671312692043e+01,2.816707145473732155e+01,4.748128974739093101e+05,1.231873341014711976e+01,6.500051368354220926e+00,2.100955788830698978e+01,1.836439003796406899e+00,2.212747404038067600e+01,7.313317691312257729e+00,1.003757832112176285e+00,4.326326654437623320e-01,0.000000000000000000e+00,0.000000000000000000e+00,1.000000000000000000e+00,7.500000000000000000e-01,2.500000000000000000e-01,1.050000000000000044e+00,1.000000000000000000e+00,2.314932079156545797e+01,0.000000000000000000e+00,1.075000000000000178e+00,1.730530661775049328e+00,8.531941572953498110e+01,1.021838151365224157e+00,1.422871229452512978e+02,0.000000000000000000e+00,0.000000000000000000e+00,1.000000000000000000e+00,1.000000000000000000e+00,8.866312448621661568e-01,4.555075794733258743e-01,6.057403726802927935e-01,1.005692489046626559e+00,8.815897809212369651e-01,1.000000000000000000e+00,1.000000000000000000e+00,1.000000000000000000e+00,8.540135855238784046e-01,8.352547695986055343e-02,8.352547695986055487e+01,5.669468334918514785e+01,9.662613139184027533e-01,1.017716184863477480e+00,9.694799011583575821e-01,8.258847497570656060e-01,1.006328345173874483e+00,4.290409817504325929e-01,1.012561683202586327e+00,1.069468334953400301e+01,0.000000000000000000e+00,1.800000000000000000e+01,5.669468334953400301e+01,3.488551669761363883e-10,1.000000000000000000e+02,0.000000000000000000e+00,0.000000000000000000e+00,2.262047601303824429e+00,2.134334464157002564e+00,2.551283427481148003e+00,1.188459980924843329e+01,4.685617891638150567e+00,7.198981917610282721e+00,9.059685235106938739e-02,2.999999999999999737e-04,2.892358261773235739e-01,-6.939172238993700226e-04,2.863652264564960959e+01,9.110151589466517486e-01,2.065221048375891044e+00,2.075122411593216309e+00,2.065221048375891044e+00,5.512346373858773774e+01,1.102469274771754742e+08,1.037561205796608164e+02,2.075122411593216360e+08,2.412897036512825011e+01,1.830085546833768149e+02,9.941286550086668727e-01,1.038265113426048636e+01,1.086616004830798232e+00,5.464225438696570514e-01,1.627114904649115124e+00,1.050000000000000044e+00,7.245569457945002512e-01,1.142267218709287713e+00,4.176273847993027744e+01,1.287122945251297779e+00,1.260000000000000009e-01,9.941286542766726297e-01,1.012407019240694872e+00,1.000000000000000000e+00,1.061393241833489487e+00,9.688551356670451753e-01,9.846600667382185978e-01
1.800000000000000000e+02,1.250000000000000000e-01,2.128946947032874959e+03,1.496521994959099011e+01,2.816923790520478121e+01,4.748080851774363546e+05,1.231969675945345521e+01,6.500571077158633138e+00,2.101922252886070552e+01,1.836589989690861291e+00,2.213152826462494716e+01,7.314657646782821487e+00,1.010194922775032422e+00,4.212000583138993393e-01,0.000000000000000000e+00,0.000000000000000000e+00,1.000000000000000000e+00,7.500000000000000000e-01,2.500000000000000000e-01,1.050000000000000044e+00,1.000000000000000000e+00,2.315356223988533202e+01,0.000000000000000000e+00,1.075000000000000178e+00,1.684800233255597357e+00,8.586656843587775256e+01,1.021838151365224157e+00,1.422596496546020148e+02,0.000000000000000000e+00,0.000000000000000000e+00,1.000000000000000000e+00,1.000000000000000000e+00,8.871637635458584636e-01,4.563819694822769391e-01,6.057435587843310598e-01,1.005696763418213457e+00,8.815906710351979481e-01,1.000000000000000000e+00,1.000000000000000000e+00,1.000000000000000000e+00,8.540135855238784046e-01,8.352707115829938189e-02,8.352707115829937834e+01,5.669488747190391109e+01,9.666319954548423521e-01,1.017716184863477480e+00,9.696901825540986675e-01,8.174217604559832484e-01,1.006677021864682109e+00,4.198832182006715930e-01,1.014642051595135985e+00,1.069488747225344127e+01,0.000000000000000000e+00,1.800000000000000000e+01,5.669488747225344127e+01,3.495301825751084834e-10,1.000000000000000000e+02,0.000000000000000000e+00,0.000000000000000000e+00,2.259359985922734904e+00,2.138042154725082966e+00,2.546722576779305136e+00,1.188253187965468172e+01,4.684764731504388102e+00,7.197767148150293615e+00,9.058488802175103383e-02,2.999999999999999737e-04,2.873625908565702325e-01,-7.796095025863463562e-04,2.863872520362486185e+01,9.127639389645538781e-01,2.065455791995595813e+00,2.075335829271690802e+00,2.065455791995595813e+00,5.512764639765336483e+01,1.102552927953067273e+08,1.037667914635845392e+02,2.075335829271690845e+08,2.413227952136188748e+01,1.830267173825997986e+02,9.939556476609213709e-01,1.038472719841538350e+01,1.086616004830798232e+00,5.463683195003689042e-01,1.627157032573453010e+00,1.050000000000000044e+00,7.245739560211202912e-01,1.142197245578362885e+00,4.176353557914968917e+01,1.259649654602014834e+00,1.260000000000000009e-01,9.939556469290544705e-01,1.012609455198104191e+00,1.000000000000000000e+00,1.061464722096379099e+00,9.707803284764455753e-01,9.846600667382185978e-01
2.100000000000000000e+02,1.458333333333333426e-01,2.124121111284692233e+03,1.493228732053166929e+01,2.816989803434177375e+01,4.748033986861012527e+05,1.231999062790278110e+01,6.500729853564586769e+00,2.102451317148603138e+01,1.836636206030118679e+00,2.213297103157792023e+01,7.315134493487617462e+00,1.013309237624998582e+00,4.171768371503973838e-01,0.000000000000000000e+00,0.000000000000000000e+00,1.000000000000000000e+00,7.500000000000000000e-01,2.500000000000000000e-01,1.050000000000000044e+00,1.000000000000000000e+00,2.315507163381619193e+01,0.000000000000000000e+00,1.075000000000000178e+00,1.668707348601589535e+00,8.613128519812488548e+01,1.021838151365224157e+00,1.422502169754032195e+02,0.000000000000000000e+00,0.000000000000000000e+00,1.000000000000000000e+00,1.000000000000000000e+00,8.874177268149028297e-01,4.568036067835520297e-01,6.057446850540503247e-01,1.005698284350157401e+00,8.815909769476362179e-01,1.000000000000000000e+00,1.000000000000000000e+00,1.000000000000000000e+00,8.540135855238784046e-01,8.352761376390833992e-02,8.352761376390833448e+01,5.669495694765389970e+01,9.668105378165925412e-01,1.017716184863477480e+00,9.697886447739337834e-01,8.143778968426476084e-01,1.006844550753386525e+00,4.167389918010731553e-01,1.015357421628634960e+00,1.069495694800362884e+01,0.000000000000000000e+00,1.800000000000000000e+01,5.669495694800362884e+01,3.497291345411213115e-10,1.000000000000000000e+02,0.000000000000000000e+00,0.000000000000000000e+00,2.258112351227361980e+00,2.139883318100721521e+00,2.544587833885313177e+00,1.188182118135363829e+01,4.684471151986034698e+00,7.197350029367603597e+00,9.058054898162246071e-02,2.999999999999999737e-04,2.864754826579511970e-01,-8.104303068324466078e-04,2.863939633491413517e+01,9.136072135671040595e-01,2.065539329509050059e+00,2.075411777584631690e+00,2.065539329509050059e+00,5.512915380670228416e+01,1.102583076134045720e+08,1.037705888792315818e+02,2.075411777584631741e+08,2.413344838790773750e+01,1.830331910738416354e+02,9.938940948643553153e-01,1.038544142946708959e+01,1.086616004830798232e+00,5.463489950282115482e-01,1.627168171601474533e+00,1.050000000000000044e+00,7.245797456669691439e-01,1.142173155708763321e+00,4.176380688195416724e+01,1.250216975403219521e+00,1.260000000000000009e-01,9.938940941325337119e-01,1.012679099503855928e+00,1.000000000000000000e+00,1.061490157599652928e+00,9.714414956380839072e-01,9.846600667382185978e-01
2.400000000000000000e+02,1.666666666666666574e-01,2.119313524239461458e+03,1.489879688895338461e+01,2.817008019846866773e+01,4.747988606173421140e+05,1.232007189058712449e+01,6.500773880123250414e+00,2.102729297562014210e+01,1.836649064701853185e+00,2.213343763077999782e+01,7.315288708478133728e+00,1.014699292720817381e+00,4.158946187495299318e-01,0.000000000000000000e+00,0.000000000000000000e+00,1.000000000000000000e+00,7.500000000000000000e-01,2.500000000000000000e-01,1.050000000000000044e+00,1.000000000000000000e+00,2.315555978056941910e+01,0.000000000000000000e+00,1.075000000000000178e+00,1.663578474998119727e+00,8.624943988126948113e+01,1.021838151365224157e+00,1.422472928542849502e+02,0.000000000000000000e+00,0.000000000000000000e+00,1.000000000000000000e+00,1.000000000000000000e+00,8.875299738011616091e-01,4.569915092089411046e-01,6.057450465472467016e-01,1.005698776208343581e+00,8.815910718980553007e-01,1.000000000000000000e+00,1.000000000000000000e+00,1.000000000000000000e+00,8.540135855238784046e-01,8.352778006304352465e-02,8.352778006304352232e+01,5.669497824075691739e+01,9.668900626534759901e-01,1.017716184863477480e+00,9.698315372985395477e-01,8.134005119294509534e-01,1.006919083426714989e+00,4.157642847616500603e-01,1.015579536999712040e+00,1.069497824110672468e+01,0.000000000000000000e+00,1.800000000000000000e+01,5.669497824110672468e+01,3.498072942420549225e-10,1.000000000000000000e+02,0.000000000000000000e+00,0.000000000000000000e+00,2.257572765565794004e+00,2.140721834899261378e+00,2.543658053481775649e+00,1.188160059209605635e+01,4.684379888381037027e+00,7.197220703715019319e+00,9.057916944027288864e-02,2.999999999999999737e-04,2.860852879159816453e-01,-8.203268770324637083e-04,2.863958153510981219e+01,9.139830184178822092e-01,2.065566346010970555e+00,2.075436339696259402e+00,2.065566346010970555e+00,5.512964836373890165e+01,1.102592967274778038e+08,1.037718169848129719e+02,2.075436339696259499e+08,2.413382314585911814e+01,1.830352884944109917e+02,9.938741900072077806e-01,1.038566344223396065e+01,1.086616004830798232e+00,5.463427343577712536e-01,1.627170367851576538e+00,1.050000000000000044e+00,7.245815200922269828e-01,1.142165665807451269e+00,4.176389003152176116e+01,1.247292854284950181e+00,1.260000000000000009e-01,9.938741892754008322e-01,1.012700747855575845e+00,1.000000000000000000e+00,1.061498383363804088e+00,9.716464746016342247e-01,9.846600667382185978e-01
2.700000000000000000e+02,1.875000000000000000e-01,2.114513754638129740e+03,1.486513616664145054e+01,2.817011917918495101e+01,4.747944742689900449e+05,1.232008938720881197e+01,6.500783436276590166e+00,2.102871696743439145e+01,1.836651883538145347e+00,2.213357278755982449e+01,7.315333378939263831e+00,1.015281832214508739e+00,4.155360162710488026e-01,0.000000000000000000e+00,0.000000000000000000e+00,1.000000000000000000e+00,7.500000000000000000e-01,2.500000000000000000e-01,1.050000000000000044e+00,1.000000000000000000e+00,2.315570117888934121e+01,0.000000000000000000e+00,1.075000000000000178e+00,1.662144065084195210e+00,8.629895573823324639e+01,1.021838151365224157e+00,1.422465109591977352e+02,0.000000000000000000e+00,0.000000000000000000e+00,1.000000000000000000e+00,1.000000000000000000e+00,8.875766638953968002e-01,4.570702011316449820e-01,6.057451498486405850e-01,1.005698918679902132e+00,8.815910973512148807e-01,1.000000000000000000e+00,1.000000000000000000e+00,1.000000000000000000e+00,8.540135855238784046e-01,8.352782348828240166e-02,8.352782348828240799e+01,5.669498380096672463e+01,9.669233592011717837e-01,1.017716184863477480e+00,9.698491585637033507e-01,8.131265294252800757e-01,1.006950273940977469e+00,4.155036530659117489e-01,1.015639106816242032e+00,1.069498380131656745e+01,0.000000000000000000e+00,1.800000000000000000e+01,5.669498380131656745e+01,3.498428213788429275e-10,1.000000000000000000e+02,0.000000000000000000e+00,0.000000000000000000e+00,2.257352522137209938e+00,2.141079240887508117e+00,2.543276106685973925e+00,1.188154145922389660e+01,4.684355347573482042e+00,7.197186111650414553e+00,9.057879325444603835e-02,2.999999999999999737e-04,2.859235845487639871e-01,-8.231011040837725445e-04,2.863962116550469972e+01,9.141404022632899640e-01,2.065574171705413686e+00,2.075443454443413049e+00,2.065574171705413686e+00,5.512979526648495465e+01,1.102595905329699069e+08,1.037721727221706516e+02,2.075443454443413019e+08,2.413393001331400001e+01,1.830358980019695991e+02,9.938684244485233021e-01,1.038572314017533849e+01,1.086616004830798232e+00,5.463409150423810257e-01,1.627170281582408728e+00,1.050000000000000044e+00,7.245819834430474726e-01,1.142163651673627545e+00,4.176391174414119689e+01,1.246510959197735247e+00,1.260000000000000009e-01,9.938684237167206836e-01,1.012706568971406984e+00,1.000000000000000000e+00,1.061500766047269728e+00,9.717012863600196226e-01,9.846600667382185978e-01
3.000000000000000000e+02,2.083333333333333426e-01,2.109717151042989371e+03,1.483143151519192493e+01,2.817012111990077017e+01,4.747902368608256220e+05,1.232009033369566531e+01,6.500784006838717488e+00,2.102943451829374411e+01,1.836652071122226504e+00,2.213360465624921147e+01,7.315343911811178934e+00,1.015513066886577498e+00,4.154582688114983324e-01,0.000000000000000000e+00,0.000000000000000000e+00,1.000000000000000000e+00,7.500000000000000000e-01,2.500000000000000000e-01,1.050000000000000044e+00,1.000000000000000000e+00,2.315573451927480164e+01,0.000000000000000000e+00,1.075000000000000178e+00,1.661833075245993330e+00,8.631861068535908998e+01,1.021838151365224157e+00,1.422463602978575068e+02,0.000000000000000000e+00,0.000000000000000000e+00,1.000000000000000000e+00,1.000000000000000000e+00,8.875950781965791236e-01,4.571014285359375484e-01,6.057451734768850571e-01,1.005698952273227587e+00,8.815911022915998707e-01,1.000000000000000000e+00,1.000000000000000000e+00,1.000000000000000000e+00,8.540135855238784046e-01,8.352783126981759565e-02,8.352783126981759665e+01,5.669498479732209972e+01,9.669365710366630839e-01,1.017716184863477480e+00,9.698560278421335390e-01,8.130670915512158148e-01,1.006962647526153276e+00,4.154534326191689497e-01,1.015650683535630039e+00,1.069498479767190702e+01,0.000000000000000000e+00,1.800000000000000000e+01,5.669498479767190702e+01,3.498072942420549225e-10,1.000000000000000000e+02,0.000000000000000000e+00,0.000000000000000000e+00,2.257267201358144071e+00,2.141223324404487816e+00,2.543127217361854431e+00,1.188152998170512298e+01,4.684350541766342246e+00,7.197179439938780732e+00,9.057871777768120025e-02,2.999999999999999737e-04,2.858600160037103599e-01,-8.237029460443426321e-04,2.863962313856578490e+01,9.142028570718750968e-01,2.065576016930004144e+00,2.075445132033368889e+00,2.065576016930004144e+00,5.512983179413765100e+01,1.102596635882752985e+08,1.037722566016684453e+02,2.075445132033368945e+08,2.413395433820654645e+01,1.830360427340126535e+02,9.938670649943606161e-01,1.038573483070946502e+01,1.086616004830798232e+00,5.463404830343696617e-01,1.627169887469301912e+00,1.050000000000000044e+00,7.245820664726589921e-01,1.142163257242544638e+00,4.176391563490879832e+01,1.246360297857506794e+00,1.260000000000000009e-01,9.938670642625589968e-01,1.012707708909430071e+00,1.000000000000000000e+00,1.061501327860132626e+00,9.717118479650910245e-01,9.846600667382185978e-01
3.300000000000000000e+02,2.291666666666666574e-01,2.104921765201733251e+03,1.479771931573400856e+01,2.817011677128714098e+01,4.747861438658922561e+05,1.232008843791123098e+01,6.500783011308719495e+00,2.102979238552910957e+01,1.836651791807091483e+00,2.213360838622371674e+01,7.315345144599361582e+00,1.015600243638066891e+00,4.154533931882965492e-01,0.000000000000000000e+00,0.000000000000000000e+00,1.000000000000000000e+00,7.500000000000000000e-01,2.500000000000000000e-01,1.050000000000000044e+00,1.000000000000000000e+00,2.315573842149952810e+01,0.000000000000000000e+00,1.075000000000000178e+00,1.661813572753186197e+00,8.632602070923569215e+01,1.021838151365224157e+00,1.422463638003748088e+02,0.000000000000000000e+00,0.000000000000000000e+00,1.000000000000000000e+00,1.000000000000000000e+00,8.876019768932088549e-01,4.571132001482535179e-01,6.057451757850816909e-01,1.005698956205053785e+00,8.815911022042886014e-01,1.000000000000000000e+00,1.000000000000000000e+00,1.000000000000000000e+00,8.540135855238784046e-01,8.352783063910938777e-02,8.352783063910938210e+01,5.669498471656557825e+01,9.669415512377688149e-01,1.017716184863477480e+00,9.698585706485319813e-01,8.130633637061794872e-01,1.006967311366824935e+00,4.154546001249362353e-01,1.015650489816118496e+00,1.069498471691541397e+01,0.000000000000000000e+00,1.800000000000000000e+01,5.669498471691541397e+01,3.498357159514853265e-10,1.000000000000000000e+02,0.000000000000000000e+00,0.000000000000000000e+00,2.257235826475272322e+00,2.141278490782680066e+00,2.543072103530082728e+00,1.188153018454684684e+01,4.684350594312762794e+00,7.197179590234084046e+00,9.057871733579703211e-02,2.999999999999999737e-04,2.858362770548104059e-01,-8.237406925759071033e-04,2.863961871747526189e+01,9.142264002965070357e-01,2.065576232898741260e+00,2.075445328381817056e+00,2.065576232898741260e+00,5.512983725443714178e+01,1.102596745088742822e+08,1.037722664190908546e+02,2.075445328381817043e+08,2.413395663741142982e+01,1.830360603109394333e+02,9.938669058814032509e-01,1.038573470288595324e+01,1.086616004830798232e+00,5.463404305693709828e-01,1.627169606941290869e+00,1.050000000000000044e+00,7.245820597429510901e-01,1.142163261555240172e+00,4.176391531955469105e+01,1.246363800374808761e+00,1.260000000000000009e-01,9.938669051496017426e-01,1.012707696445424466e+00,1.000000000000000000e+00,1.061501393615789102e+00,9.717116024326752921e-01,9.846600667382185978e-01
3.600000000000000000e+02,2.500000000000000000e-01,2.100126824028662213e+03,1.476400799953318987e+01,2.817011322494192171e+01,4.747821904174655210e+05,1.232008687696710503e+01,6.500782180693772894e+00,2.102996980304110153e+01,1.836651554677411813e+00,2.213360642666317446e+01,7.315344496947997932e+00,1.015631358021208852e+00,4.154613432236849424e-01,0.000000000000000000e+00,0.000000000000000000e+00,1.000000000000000000e+00,7.500000000000000000e-01,2.500000000000000000e-01,1.050000000000000044e+00,1.000000000000000000e+00,2.315573637144647989e+01,0.000000000000000000e+00,1.075000000000000178e+00,1.661845372894739770e+00,8.632866543180274732e+01,1.021838151365224157e+00,1.422463889273877555e+02,0.000000000000000000e+00,0.000000000000000000e+00,1.000000000000000000e+00,1.000000000000000000e+00,8.876044220785578309e-01,4.571174014005177089e-01,6.057451739890060693e-01,1.005698954139449430e+00,8.815911014010106017e-01,1.000000000000000000e+00,1.000000000000000000e+00,1.000000000000000000e+00,8.540135855238784046e-01,8.352782900372995867e-02,8.352782900372996266e+01,5.669498450717000537e+01,9.669433286313970921e-01,1.017716184863477480e+00,9.698594596789334998e-01,8.130694421847877162e-01,1.006968975803325783e+00,4.154629757959185099e-01,1.015648615668194976e+00,1.069498450751984109e+01,0.000000000000000000e+00,1.800000000000000000e+01,5.669498450751984109e+01,3.498357159514853265e-10,1.000000000000000000e+02,0.000000000000000000e+00,0.000000000000000000e+00,2.257224941395014728e+00,2.141298517000158608e+00,2.543052834402438567e+00,1.188153205072491048e+01,4.684351351402597174e+00,7.197180699322313302e+00,9.057872829256086167e-02,2.999999999999999737e-04,2.858278930074238389e-01,-8.236791445549122154e-04,2.863961511202428767e+01,9.142348028010354177e-01,2.065576119438497837e+00,2.075445225229189283e+00,2.065576119438497837e+00,5.512983589779073412e+01,1.102596717955814749e+08,1.037722612614594766e+02,2.075445225229189396e+08,2.413395473055280505e+01,1.830360518898029909e+02,9.938669894721754439e-01,1.038573286120203321e+01,1.086616004830798232e+00,5.463404557054425403e-01,1.627169455253878017e+00,1.050000000000000044e+00,7.245820422933199056e-01,1.142163323692618082e+00,4.176391450186497423e+01,1.246388927387755530e+00,1.260000000000000009e-01,9.938669887403738246e-01,1.012707516863764257e+00,1.000000000000000000e+00,1.061501359070730732e+00,9.717098409867190867e-01,9.846600667382185978e-01
3.900000000000000000e+02,2.708333333333333148e-01,2.095332036340206741e+03,1.473029846681128063e+01,2.817011120485225106e+01,4.747783717205211869e+05,1.232008598507186115e+01,6.500781704108085535e+00,2.103005741828208741e+01,1.836651417885242887e+00,2.213360438543799802e+01,7.315343822305778509e+00,1.015641719943968457e+00,4.154680828909991241e-01,0.000000000000000000e+00,0.000000000000000000e+00,1.000000000000000000e+00,7.500000000000000000e-01,2.500000000000000000e-01,1.050000000000000044e+00,1.000000000000000000e+00,2.315573423595752800e+01,0.000000000000000000e+00,1.075000000000000178e+00,1.661872331563996497e+00,8.632954619523731310e+01,1.021838151365224157e+00,1.422464073665026376e+02,0.000000000000000000e+00,0.000000000000000000e+00,1.000000000000000000e+00,1.000000000000000000e+00,8.876052292385173681e-01,4.571188005100235707e-01,6.057451722854332310e-01,1.005698951987761047e+00,8.815911008078201050e-01,1.000000000000000000e+00,1.000000000000000000e+00,1.000000000000000000e+00,8.540135855238784046e-01,8.352782786431985074e-02,8.352782786431984619e+01,5.669498436127884844e+01,9.669439205397086790e-01,1.017716184863477480e+00,9.698597479454962311e-01,8.130745951271395322e-01,1.006969530088698717e+00,4.154691221675458901e-01,1.015647230175925841e+00,1.069498436162866284e+01,0.000000000000000000e+00,1.800000000000000000e+01,5.669498436162866284e+01,3.498143996694125235e-10,1.000000000000000000e+02,0.000000000000000000e+00,0.000000000000000000e+00,2.257221448312886292e+00,2.141305328536599273e+00,2.543046586430514733e+00,1.188153342882715080e+01,4.684351914967114006e+00,7.197181513860036794e+00,9.057873663536369913e-02,2.999999999999999737e-04,2.858251381176284411e-01,-8.236269681101346385e-04,2.863961305826645543e+01,9.142376010200471415e-01,2.065576001249801674e+00,2.075445117777678039e+00,2.065576001249801674e+00,5.512983405092753486e+01,1.102596681018550694e+08,1.037722558888839046e+02,2.075445117777678072e+08,2.413395294471147068e+01,1.830360428845229137e+02,9.938670765466058876e-01,1.038573149028417397e+01,1.086616004830798232e+00,5.463404825851146951e-01,1.627169383026486171e+00,1.050000000000000044e+00,7.245820301357216442e-01,1.142163369946576967e+00,4.176391393215992309e+01,1.246407366502637615e+00,1.260000000000000009e-01,9.938670758148042683e-01,1.012707383186262744e+00,1.000000000000000000e+00,1.061501323086005755e+00,9.717085483740852681e-01,9.846600667382185978e-01
4.200000000000000000e+02,2.916666666666666852e-01,2.090537297673147805e+03,1.469659015698127646e+01,2.817011022590214608e+01,4.747746831482253037e+05,1.232008555212067868e+01,6.500781472230358737e+00,2.103010049439633278e+01,1.836651351135769827e+00,2.213360315170947956e+01,7.315343414548047818e+00,1.015644835401529500e+00,4.154719314942666997e-01,0.000000000000000000e+00,0.000000000000000000e+00,1.000000000000000000e+00,7.500000000000000000e-01,2.500000000000000000e-01,1.050000000000000044e+00,1.000000000000000000e+00,2.315573294525542636e+01,0.000000000000000000e+00,1.075000000000000178e+00,1.661887725977066799e+00,8.632981100913001171e+01,1.021838151365224157e+00,1.422464173895525050e+02,0.000000000000000000e+00,0.000000000000000000e+00,1.000000000000000000e+00,1.000000000000000000e+00,8.876054687454565384e-01,4.571192211699866004e-01,6.057451712800515642e-01,1.005698950687267779e+00,8.815911004846113119e-01,1.000000000000000000e+00,1.000000000000000000e+00,1.000000000000000000e+00,8.540135855238784046e-01,8.352782725745726278e-02,8.352782725745726111e+01,5.669498428357556463e+01,9.669440985041432013e-01,1.017716184863477480e+00,9.698598311464787791e-01,8.130775376068519744e-01,1.006969696740761533e+00,4.154724631841683613e-01,1.015646474962141221e+00,1.069498428392538614e+01,0.000000000000000000e+00,1.800000000000000000e+01,5.669498428392538614e+01,3.498215050967701245e-10,1.000000000000000000e+02,0.000000000000000000e+00,0.000000000000000000e+00,2.257220456752561777e+00,2.141307439841019011e+00,2.543044783109461804e+00,1.188153417970670667e+01,4.684352222950480815e+00,7.197181956756225851e+00,9.057874123436462921e-02,2.999999999999999737e-04,2.858243263569000270e-01,-8.235971738451237575e-04,2.863961206300051643e+01,9.142384423399732007e-01,2.065575929815857137e+00,2.075445052833352566e+00,2.065575929815857137e+00,5.512983287178485625e+01,1.102596657435697168e+08,1.037722526416676345e+02,2.075445052833352685e+08,2.413395189441089173e+01,1.830360374078634038e+02,9.938671291749122672e-01,1.038573074108872518e+01,1.086616004830798232e+00,5.463404989322824257e-01,1.627169351810975773e+00,1.050000000000000044e+00,7.245820236604491038e-01,1.142163395223975364e+00,4.176391362872863056e+01,1.246417389552505028e+00,1.260000000000000009e-01,9.938671284431105368e-01,1.012707310132596517e+00,1.000000000000000000e+00,1.061501301336625680e+00,9.717078457417525073e-01,9.846600667382185978e-01
4.500000000000000000e+02,3.125000000000000000e-01,2.085742572071666018e+03,1.466288248988718479e+01,2.817010979264950521e+01,4.747711202420399641e+05,1.232008536032246049e+01,6.500781369372708340e+00,2.103012193422782872e+01,1.836651321477027921e+00,2.213360254126020266e+01,7.315343212789387373e+00,1.015645719929022306e+00,4.154737893433239071e-01,0.000000000000000000e+00,0.000000000000000000e+00,1.000000000000000000e+00,7.500000000000000000e-01,2.500000000000000000e-01,1.050000000000000044e+00,1.000000000000000000e+00,2.315573230661560089e+01,0.000000000000000000e+00,1.075000000000000178e+00,1.661895157373295628e+00,8.632988619396689955e+01,1.021838151365224157e+00,1.422464221144906276e+02,0.000000000000000000e+00,0.000000000000000000e+00,1.000000000000000000e+00,1.000000000000000000e+00,8.876055354127156960e-01,4.571193406018139171e-01,6.057451707876612135e-01,1.005698950043783180e+00,8.815911003320706651e-01,1.000000000000000000e+00,1.000000000000000000e+00,1.000000000000000000e+00,8.540135855238784046e-01,8.352782697428155767e-02,8.352782697428155245e+01,5.669498424731747832e+01,9.669441490309569343e-01,1.017716184863477480e+00,9.698598533126161492e-01,8.130789580284284446e-01,1.006969744055771665e+00,4.154740381635425028e-01,1.015646118462146585e+00,1.069498424766729272e+01,0.000000000000000000e+00,1.800000000000000000e+01,5.669498424766729272e+01,3.498143996694125235e-10,1.000000000000000000e+02,0.000000000000000000e+00,0.000000000000000000e+00,2.257220199853698261e+00,2.141308065843528396e+00,2.543044302674547730e+00,1.188153453408979132e+01,4.684352368518076126e+00,7.197182165571715196e+00,9.057874341803788532e-02,2.999999999999999737e-04,2.858241028208494683e-01,-8.235827912763428460e-04,2.863961162252699921e+01,9.142386812036278343e-01,2.065575894470318197e+00,2.075445020698878373e+00,2.065575894470318197e+00,5.512983227519867313e+01,1.102596645503973514e+08,1.037722510349439204e+02,2.075445020698878467e+08,2.413395138079906488e+01,1.830360346909416762e+02,9.938671552154176858e-01,1.038573038698327444e+01,1.086616004830798232e+00,5.463405070419662390e-01,1.627169338965793965e+00,1.050000000000000044e+00,7.245820206389410600e-01,1.142163407171274514e+00,4.176391348714077623e+01,1.246422114490627564e+00,1.260000000000000009e-01,9.938671544836159555e-01,1.012707275603954349e+00,1.000000000000000000e+00,1.061501290575024736e+00,9.717075145158293736e-01,9.846600667382185978e-01
4.800000000000000000e+02,3.333333333333333148e-01,2.080947850033260238e+03,1.462917512711403845e+01,2.817010961716220052e+01,4.747676787183824927e+05,1.232008528255377122e+01,6.500781327608156523e+00,2.103013236585758960e+01,1.836651309412865141e+00,2.213360226737116676e+01,7.315343122266740217e+00,1.015645874168229712e+00,4.154746052450160043e-01,0.000000000000000000e+00,0.000000000000000000e+00,1.000000000000000000e+00,7.500000000000000000e-01,2.500000000000000000e-01,1.050000000000000044e+00,1.000000000000000000e+00,2.315573202007836784e+01,0.000000000000000000e+00,1.075000000000000178e+00,1.661898420980064017e+00,8.632989930429953063e+01,1.021838151365224157e+00,1.422464241457049354e+02,0.000000000000000000e+00,0.000000000000000000e+00,1.000000000000000000e+00,1.000000000000000000e+00,8.876055461816941827e-01,4.571193614276943262e-01,6.057451705686607291e-01,1.005698949755072125e+00,8.815911002664239549e-01,1.000000000000000000e+00,1.000000000000000000e+00,1.000000000000000000e+00,8.540135855238784046e-01,8.352782685369963822e-02,8.352782685369963644e+01,5.669498423187805258e+01,9.669441578415500782e-01,1.017716184863477480e+00,9.698598562423943470e-01,8.130795818250651230e-01,1.006969752306305699e+00,4.154747152349784756e-01,1.015645965012239804e+00,1.069498423222786698e+01,0.000000000000000000e+00,1.800000000000000000e+01,5.669498423222786698e+01,3.498143996694125235e-10,1.000000000000000000e+02,0.000000000000000000e+00,0.000000000000000000e+00,2.257220170876016230e+00,2.141308192074429240e+00,2.543044239173737342e+00,1.188153468660036083e+01,4.684352431248166582e+00,7.197182255352194247e+00,9.057874436333075707e-02,2.999999999999999737e-04,2.858240682977211122e-01,-8.235764749839292673e-04,2.863961144411490523e+01,9.142387228553886525e-01,2.065575878611906724e+00,2.075445006281169125e+00,2.065575878611906724e+00,5.512983200255566629e+01,1.102596640051113367e+08,1.037722503140584536e+02,2.075445006281169057e+08,2.413395115265727497e+01,1.830360334692713877e+02,9.938671668989587094e-01,1.038573023438703125e+01,1.086616004830798232e+00,5.463405106885048657e-01,1.627169334186408634e+00,1.050000000000000044e+00,7.245820193523224706e-01,1.142163412319776583e+00,4.176391342684981822e+01,1.246424145704935427e+00,1.260000000000000009e-01,9.938671661671569790e-01,1.012707260724372560e+00,1.000000000000000000e+00,1.061501285746639045e+00,9.717073721243760787e-01,9.846600667382185978e-01
5.100000000000000000e+02,3.541666666666666852e-01,2.076153128194921464e+03,1.459546788680763640e+01,2.817010954540826617e+01,4.747643544298257912e+05,1.232008525073492855e+01,6.500781310505432842e+00,2.103013763140036474e+01,1.836651304467061818e+00,2.213360214859487840e+01,7.315343083010172442e+00,1.015645887867415276e+00,4.154749548179516583e-01,0.000000000000000000e+00,0.000000000000000000e+00,1.000000000000000000e+00,7.500000000000000000e-01,2.500000000000000000e-01,1.050000000000000044e+00,1.000000000000000000e+00,2.315573189581699154e+01,0.000000000000000000e+00,1.075000000000000178e+00,1.661899819271806633e+00,8.632990046873030110e+01,1.021838151365224157e+00,1.422464250064561497e+02,0.000000000000000000e+00,0.000000000000000000e+00,1.000000000000000000e+00,1.000000000000000000e+00,8.876055466557120077e-01,4.571193632774028792e-01,6.057451704741232401e-01,1.005698949629868277e+00,8.815911002385887763e-01,1.000000000000000000e+00,1.000000000000000000e+00,1.000000000000000000e+00,8.540135855238784046e-01,8.352782680287457184e-02,8.352782680287457140e+01,5.669498422537036220e+01,9.669441586240874464e-01,1.017716184863477480e+00,9.698598559754422199e-01,8.130798490901840481e-01,1.006969753039099968e+00,4.154750021520499104e-01,1.015645899940264663e+00,1.069498422572017660e+01,0.000000000000000000e+00,1.800000000000000000e+01,5.669498422572017660e+01,3.498143996694125235e-10,1.000000000000000000e+02,0.000000000000000000e+00,0.000000000000000000e+00,2.257220177217145629e+00,2.141308212906959163e+00,2.543044244959732580e+00,1.188153475126735614e+01,4.684352457866691744e+00,7.197182293400664399e+00,9.057874476527202900e-02,2.999999999999999737e-04,2.858240677425869514e-01,-8.235737687740151206e-04,2.863961137116507061e+01,9.142387265548057584e-01,2.065575871734657287e+00,2.075445000028703468e+00,2.065575871734657287e+00,5.512983188319186212e+01,1.102596637663837224e+08,1.037722500014351823e+02,2.075445000028703511e+08,2.413395105424141107e+01,1.830360329388684590e+02,9.938671719657101722e-01,1.038573016963522200e+01,1.086616004830798232e+00,5.463405122716937790e-01,1.627169332336849017e+00,1.050000000000000044e+00,7.245820188100146053e-01,1.142163414504462349e+00,4.176391340143728570e+01,1.246425006456149731e+00,1.260000000000000009e-01,9.938671712339084419e-01,1.012707254410456725e+00,1.000000000000000000e+00,1.061501283652733552e+00,9.717073117843053609e-01,9.846600667382185978e-01
5.400000000000000000e+02,3.750000000000000000e-01,2.071358406092482255e+03,1.456176069320715705e+01,2.817010951317027434e+01,4.747611432349956594e+05,1.232008523643860975e+01,6.500781302820747065e+00,2.103014044717917486e+01,1.836651302244664663e+00,2.213360209459239414e+01,7.315343065161893144e+00,1.015645890272089957e+00,4.154751136032424630e-01,0.000000000000000000e+00,0.000000000000000000e+00,1.000000000000000000e+00,7.500000000000000000e-01,2.500000000000000000e-01,1.050000000000000044e+00,1.000000000000000000e+00,2.315573183932067280e+01,0.000000000000000000e+00,1.075000000000000178e+00,1.661900454412969852e+00,8.632990067312763927e+01,1.021838151365224157e+00,1.422464253968093146e+02,0.000000000000000000e+00,0.000000000000000000e+00,1.000000000000000000e+00,1.000000000000000000e+00,8.876055465692670454e-01,4.571193636020898787e-01,6.057451704311624940e-01,1.005698949572943368e+00,8.815911002259645413e-01,1.000000000000000000e+00,1.000000000000000000e+00,1.000000000000000000e+00,8.540135855238784046e-01,8.352782677983904003e-02,8.352782677983904591e+01,5.669498422242084246e+01,9.669441587614495681e-01,1.017716184863477480e+00,9.698598557432100975e-01,8.130799704889961621e-01,1.006969753167730186e+00,4.154751322697715632e-01,1.015645870427624997e+00,1.069498422277068528e+01,0.000000000000000000e+00,1.800000000000000000e+01,5.669498422277068528e+01,3.498428213788429275e-10,1.000000000000000000e+02,0.000000000000000000e+00,0.000000000000000000e+00,2.257220181465041886e+00,2.141308219946889579e+00,2.543044249993195116e+00,1.188153478059598456e+01,4.684352469940084696e+00,7.197182310655899862e+00,9.057874494761214423e-02,2.999999999999999737e-04,2.858240685281532301e-01,-8.235725395426404458e-04,2.863961133838978057e+01,9.142387272041797575e-01,2.065575868607866905e+00,2.075444997185975193e+00,2.065575868607866905e+00,5.512983182886661382e+01,1.102596636577332318e+08,1.037722498592987677e+02,2.075444997185975313e+08,2.413395100952170225e+01,1.830360326976870624e+02,9.938671742693447886e-01,1.038573014026567165e+01,1.086616004830798232e+00,5.463405129915911429e-01,1.627169331506950645e+00,1.050000000000000044e+00,7.245820185642239952e-01,1.142163415495372814e+00,4.176391338991952296e+01,1.246425396809314634e+00,1.260000000000000009e-01,9.938671735375430583e-01,1.012707251546646869e+00,1.000000000000000000e+00,1.061501282700724857e+00,9.717072844199101667e-01,9.846600667382185978e-01
5.700000000000000000e+02,3.958333333333333148e-01,2.066563683917980143e+03,1.452805352120619453e+01,2.817010949914653395e+01,4.747580404086642666e+05,1.232008523021561608e+01,6.500781299472838448e+00,2.103014197923274509e+01,1.836651301275415316e+00,2.213360206977416311e+01,7.315343056959257240e+00,1.015645881239332970e+00,4.154751858897675065e-01,0.000000000000000000e+00,0.000000000000000000e+00,1.000000000000000000e+00,7.500000000000000000e-01,2.500000000000000000e-01,1.050000000000000044e+00,1.000000000000000000e+00,2.315573181335633635e+01,0.000000000000000000e+00,1.075000000000000178e+00,1.661900743559070026e+00,8.632989990534329650e+01,1.021838151365224157e+00,1.422464255725293754e+02,0.000000000000000000e+00,0.000000000000000000e+00,1.000000000000000000e+00,1.000000000000000000e+00,8.876055457296496698e-01,4.571193623824577057e-01,6.057451704114983349e-01,1.005698949546782073e+00,8.815911002202785340e-01,1.000000000000000000e+00,1.000000000000000000e+00,1.000000000000000000e+00,8.540135855238784046e-01,8.352782676952059948e-02,8.352782676952060115e+01,5.669498422109966640e+01,9.669441582454721962e-01,1.017716184863477480e+00,9.698598553433187552e-01,8.130800257554215982e-01,1.006969752684551800e+00,4.154751908431251195e-01,1.015645857133734786e+00,1.069498422144950212e+01,0.000000000000000000e+00,1.800000000000000000e+01,5.669498422144950212e+01,3.498357159514853265e-10,1.000000000000000000e+02,0.000000000000000000e+00,0.000000000000000000e+00,2.257220187023048830e+00,2.141308216721185875e+00,2.543044258660548618e+00,1.188153479380573785e+01,4.684352475381734493e+00,7.197182318424003356e+00,9.057874503003381095e-02,2.999999999999999737e-04,2.858240716374997881e-01,-8.235719799389454657e-04,2.863961132413231070e+01,9.142387247649154114e-01,2.065575867170870161e+00,2.075444995879526022e+00,2.065575867170870161e+00,5.512983180369384684e+01,1.102596636073876917e+08,1.037722497939763002e+02,2.075444995879526138e+08,2.413395098906489977e+01,1.830360325867350184e+02,9.938671753280391430e-01,1.038573012702839904e+01,1.086616004830798232e+00,5.463405133227696719e-01,1.627169331166325117e+00,1.050000000000000044e+00,7.245820184541253983e-01,1.142163415941989779e+00,4.176391338476030057e+01,1.246425572529375358e+00,1.260000000000000009e-01,9.938671745962374127e-01,1.012707250255887148e+00,1.000000000000000000e+00,1.061501282263204393e+00,9.717072721016464243e-01,9.846600667382185978e-01
6.000000000000000000e+02,4.166666666666666852e-01,2.061768961679655149e+03,1.449434636196873782e+01,2.817010949588993185e+01,4.747550434995166142e+05,1.232008522876583356e+01,6.500781298689510379e+00,2.103014265881716227e+01,1.836651301047409923e+00,2.213360206254670359e+01,7.315343054570520920e+00,1.015645868093170368e+00,4.154752061505445071e-01,0.000000000000000000e+00,0.000000000000000000e+00,1.000000000000000000e+00,7.500000000000000000e-01,2.500000000000000000e-01,1.050000000000000044e+00,1.000000000000000000e+00,2.315573180579511359e+01,0.000000000000000000e+00,1.075000000000000178e+00,1.661900824602178028e+00,8.632989878791947547e+01,1.021838151365224157e+00,1.422464256194033112e+02,0.000000000000000000e+00,0.000000000000000000e+00,1.000000000000000000e+00,1.000000000000000000e+00,8.876055446557654660e-01,4.571193606074200333e-01,6.057451704058648412e-01,1.005698949539163500e+00,8.815911002187579726e-01,1.000000000000000000e+00,1.000000000000000000e+00,1.000000000000000000e+00,8.540135855238784046e-01,8.352782676682923846e-02,8.352782676682923579e+01,5.669498422075507449e+01,9.669441574945251139e-01,1.017716184863477480e+00,9.698598549231293164e-01,8.130800412457299675e-01,1.006969751981339867e+00,4.154752064677704193e-01,1.015645853577302082e+00,1.069498422110489599e+01,0.000000000000000000e+00,1.800000000000000000e+01,5.669498422110489599e+01,3.498215050967701245e-10,1.000000000000000000e+02,0.000000000000000000e+00,0.000000000000000000e+00,2.257220192375803514e+00,2.141308209073502500e+00,2.543044267767848421e+00,1.188153479733817974e+01,4.684352476841350921e+00,7.197182320496828822e+00,9.057874505253835085e-02,2.999999999999999737e-04,2.858240753920449073e-01,-8.235718230908441184e-04,2.863961132082143024e+01,9.142387212148400666e-01,2.065575866752394241e+00,2.075444995499067691e+00,2.065575866752394241e+00,5.512983179612215423e+01,1.102596635922443122e+08,1.037722497749533801e+02,2.075444995499067605e+08,2.413395098321896626e+01,1.830360325542945077e+02,9.938671756363477439e-01,1.038573012347776015e+01,1.086616004830798232e+00,5.463405134196006596e-01,1.627169331114799666e+00,1.050000000000000044e+00,7.245820184254078145e-01,1.142163416061786396e+00,4.176391338341461790e+01,1.246425619403311202e+00,1.260000000000000009e-01,9.938671749045460135e-01,1.012707249909666096e+00,1.000000000000000000e+00,1.061501282135791424e+00,9.717072688157060156e-01,9.846600667382185978e-01
6.300000000000000000e+02,4.375000000000000000e-01,2.056974239379519076e+03,1.446063920593307195e+01,2.817010949537654341e+01,4.747521481095943018e+05,1.232008522853429078e+01,6.500781298562267274e+00,2.103014299577936796e+01,1.836651301009597725e+00,2.213360206050726475e+01,7.315343053896468106e+00,1.015645859615867730e+00,4.154752114478548197e-01,0.000000000000000000e+00,0.000000000000000000e+00,1.000000000000000000e+00,7.500000000000000000e-01,2.500000000000000000e-01,1.050000000000000044e+00,1.000000000000000000e+00,2.315573180366149231e+01,0.000000000000000000e+00,1.075000000000000178e+00,1.661900845791419279e+00,8.632989806734875060e+01,1.021838151365224157e+00,1.422464256307259802e+02,0.000000000000000000e+00,0.000000000000000000e+00,1.000000000000000000e+00,1.000000000000000000e+00,8.876055439766760147e-01,4.571193594627870893e-01,6.057451704043164131e-01,1.005698949537013664e+00,8.815911002183889345e-01,1.000000000000000000e+00,1.000000000000000000e+00,1.000000000000000000e+00,8.540135855238784046e-01,8.352782676620859603e-02,8.352782676620859093e+01,5.669498422067560739e+01,9.669441570102768058e-01,1.017716184863477480e+00,9.698598546668171227e-01,8.130800452957706037e-01,1.006969751527873713e+00,4.154752102419934090e-01,1.015645852713274566e+00,1.069498422102542889e+01,0.000000000000000000e+00,1.800000000000000000e+01,5.669498422102542889e+01,3.498215050967701245e-10,1.000000000000000000e+02,0.000000000000000000e+00,0.000000000000000000e+00,2.257220195579835220e+00,2.141308203874583871e+00,2.543044273323228577e+00,1.188153479819565383e+01,4.684352477197812448e+00,7.197182320997841387e+00,9.057874505812900379e-02,2.999999999999999737e-04,2.858240777433933566e-01,-8.235717820819030838e-04,2.863961132029948686e+01,9.142387189255741786e-01,2.065575866634308699e+00,2.075444995391709568e+00,2.065575866634308699e+00,5.512983179387878607e+01,1.102596635877575725e+08,1.037722497695854713e+02,2.075444995391709507e+08,2.413395098161871033e+01,1.830360325450829748e+02,9.938671757233460413e-01,1.038573012261063688e+01,1.086616004830798232e+00,5.463405134470959990e-01,1.627169331121378626e+00,1.050000000000000044e+00,7.245820184187858892e-01,1.142163416091042549e+00,4.176391338310429546e+01,1.246425630725980227e+00,1.260000000000000009e-01,9.938671749915443110e-01,1.012707249825113287e+00,1.000000000000000000e+00,1.061501282099838406e+00,9.717072680219693837e-01,9.846600667382185978e-01
6.600000000000000000e+02,4.583333333333333148e-01,2.052179517036473499e+03,1.442693205174478521e+01,2.817010949643382389e+01,4.747493513859630912e+05,1.232008522900099123e+01,6.500781298811571851e+00,2.103014310475710147e+01,1.836651301081125842e+00,2.213360206159098098e+01,7.315343054254646482e+00,1.015645854731963560e+00,4.154752078540033255e-01,0.000000000000000000e+00,0.000000000000000000e+00,1.000000000000000000e+00,7.500000000000000000e-01,2.500000000000000000e-01,1.050000000000000044e+00,1.000000000000000000e+00,2.315573180479525561e+01,0.000000000000000000e+00,1.075000000000000178e+00,1.661900831416013302e+00,8.632989765221689993e+01,1.021838151365224157e+00,1.422464256209125324e+02,0.000000000000000000e+00,0.000000000000000000e+00,1.000000000000000000e+00,1.000000000000000000e+00,8.876055435970241492e-01,4.571193588033464761e-01,6.057451704052213559e-01,1.005698949538156084e+00,8.815911002187045709e-01,1.000000000000000000e+00,1.000000000000000000e+00,1.000000000000000000e+00,8.540135855238784046e-01,8.352782676681530516e-02,8.352782676681530916e+01,5.669498422075328392e+01,9.669441567312939689e-01,1.017716184863477480e+00,9.698598545318071196e-01,8.130800425481037319e-01,1.006969751266624913e+00,4.154752069708441131e-01,1.015645853450599656e+00,1.069498422110311253e+01,0.000000000000000000e+00,1.800000000000000000e+01,5.669498422110311253e+01,3.498286105241277255e-10,1.000000000000000000e+02,0.000000000000000000e+00,0.000000000000000000e+00,2.257220197211714297e+00,2.141308200648443183e+00,2.543044276249473157e+00,1.188153479746226004e+01,4.684352476897916340e+00,7.197182320564343705e+00,9.057874505372562335e-02,2.999999999999999737e-04,2.858240790377588603e-01,-8.235718099035777354e-04,2.863961132137438881e+01,9.142387176066929522e-01,2.065575866697056728e+00,2.075444995448757712e+00,2.065575866697056728e+00,5.512983179485801344e+01,1.102596635897160321e+08,1.037722497724378883e+02,2.075444995448757708e+08,2.413395098256746962e+01,1.830360325498633642e+02,9.938671756771170207e-01,1.038573012334015999e+01,1.086616004830798232e+00,5.463405134328270796e-01,1.627169331159989296e+00,1.050000000000000044e+00,7.245820184252595997e-01,1.142163416066428905e+00,4.176391338340765458e+01,1.246425620912532395e+00,1.260000000000000009e-01,9.938671749453152904e-01,1.012707249896248829e+00,1.000000000000000000e+00,1.061501282118943124e+00,9.717072687099079786e-01,9.846600667382185978e-01
6.900000000000000000e+02,4.791666666666666852e-01,2.047384794665437312e+03,1.439322489740509603e+01,2.817010949736190994e+01,4.747466506836221670e+05,1.232008522941219475e+01,6.500781299032328597e+00,2.103014312153437970e+01,1.836651301144863746e+00,2.213360206295998367e+01,7.315343054707112991e+00,1.015645853472066040e+00,4.154752037349894178e-01,0.000000000000000000e+00,0.000000000000000000e+00,1.000000000000000000e+00,7.500000000000000000e-01,2.500000000000000000e-01,1.050000000000000044e+00,1.000000000000000000e+00,2.315573180622747529e+01,0.000000000000000000e+00,1.075000000000000178e+00,1.661900814939957671e+00,8.632989754512561831e+01,1.021838151365224157e+00,1.422464256106046889e+02,0.000000000000000000e+00,0.000000000000000000e+00,1.000000000000000000e+00,1.000000000000000000e+00,8.876055435046030784e-01,4.571193586332309988e-01,6.057451704063192555e-01,1.005698949539599152e+00,8.815911002190375267e-01,1.000000000000000000e+00,1.000000000000000000e+00,1.000000000000000000e+00,8.540135855238784046e-01,8.352782676742935564e-02,8.352782676742936019e+01,5.669498422083189837e+01,9.669441566593250936e-01,1.017716184863477480e+00,9.698598545030072682e-01,8.130800393989257024e-01,1.006969751199230600e+00,4.154752035348963091e-01,1.015645854228962364e+00,1.069498422118173409e+01,0.000000000000000000e+00,1.800000000000000000e+01,5.669498422118173409e+01,3.498357159514853265e-10,1.000000000000000000e+02,0.000000000000000000e+00,0.000000000000000000e+00,2.257220197530738659e+00,2.141308199706172477e+00,2.543044276873686282e+00,1.188153479668861578e+01,4.684352476579858759e+00,7.197182320108757025e+00,9.057874504892331202e-02,2.999999999999999737e-04,2.858240793429476234e-01,-8.235718417907798156e-04,2.863961132231793982e+01,9.142387172664619976e-01,2.065575866776323544e+00,2.075444995520822289e+00,2.065575866776323544e+00,5.512983179621210894e+01,1.102596635924242139e+08,1.037722497760411215e+02,2.075444995520822406e+08,2.413395098371182712e+01,1.830360325559650505e+02,9.938671756187181794e-01,1.038573012411386109e+01,1.086616004830798232e+00,5.463405134146143149e-01,1.627169331185596812e+00,1.050000000000000044e+00,7.245820184318110257e-01,1.142163416040324675e+00,4.176391338371467299e+01,1.246425610604688927e+00,1.260000000000000009e-01,9.938671748869164491e-01,1.012707249971692036e+00,1.000000000000000000e+00,1.061501282143077152e+00,9.717072694325050719e-01,9.846600667382185978e-01
7.200000000000000000e+02,5.000000000000000000e-01,2.042590072287861631e+03,1.435951774233105205e+01,2.817010949764661731e+01,4.747440421025805408e+05,1.232008522953877439e+01,6.500781299100602872e+00,2.103014312921739659e+01,1.836651301164692551e+00,2.213360206348356485e+01,7.315343054880161233e+00,1.015645853716808267e+00,4.154752022468353179e-01,0.000000000000000000e+00,0.000000000000000000e+00,1.000000000000000000e+00,7.500000000000000000e-01,2.500000000000000000e-01,1.050000000000000044e+00,1.000000000000000000e+00,2.315573180677523979e+01,0.000000000000000000e+00,1.075000000000000178e+00,1.661900808987341271e+00,8.632989756592870378e+01,1.021838151365224157e+00,1.422464256070676356e+02,0.000000000000000000e+00,0.000000000000000000e+00,1.000000000000000000e+00,1.000000000000000000e+00,8.876055435264906812e-01,4.571193586662768982e-01,6.057451704067304821e-01,1.005698949540150933e+00,8.815911002191522128e-01,1.000000000000000000e+00,1.000000000000000000e+00,1.000000000000000000e+00,8.540135855238784046e-01,8.352782676763460812e-02,8.352782676763460756e+01,5.669498422085819556e+01,9.669441566733052440e-01,1.017716184863477480e+00,9.698598545129009096e-01,8.130800382611624855e-01,1.006969751212322350e+00,4.154752023558785368e-01,1.015645854496958878e+00,1.069498422120801706e+01,0.000000000000000000e+00,1.800000000000000000e+01,5.669498422120801706e+01,3.498215050967701245e-10,1.000000000000000000e+02,0.000000000000000000e+00,0.000000000000000000e+00,2.257220197396064165e+00,2.141308199810753710e+00,2.543044276659248926e+00,1.188153479642236832e+01,4.684352476470002635e+00,7.197182319952365681e+00,9.057874504722496223e-02,2.999999999999999737e-04,2.858240792631847604e-01,-8.235718533112727086e-04,2.863961132260739362e+01,9.142387173325537963e-01,2.065575866806639294e+00,2.075444995548384686e+00,2.065575866806639294e+00,5.512983179675268275e+01,1.102596635935053676e+08,1.037722497774192334e+02,2.075444995548384786e+08,2.413395098413898765e+01,1.830360325583109216e+02,9.938671755963832677e-01,1.038573012438109622e+01,1.086616004830798232e+00,5.463405134076121383e-01,1.627169331190898127e+00,1.050000000000000044e+00,7.245820184340014958e-01,1.142163416031308332e+00,4.176391338381730378e+01,1.246425607067635610e+00,1.260000000000000009e-01,9.938671748645815374e-01,1.012707249997749859e+00,1.000000000000000000e+00,1.061501282152307546e+00,9.717072696804578413e-01,9.846600667382185978e-01
